Generacion;Score_max;Score_min;Score_promedio;SD_score;Tvida_max;Tvida_min;Tvida_promedio;SD_tvida
1;1659;-102;37;201;1764;18;202;234
2;1763;-97;29;171;904;19;201;177
3;1180;-140;44;176;2989;18;189;249
4;1153;-111;35;161;2343;18;197;246
5;1381;-93;33;166;1329;18;218;225
6;1368;-99;24;155;1740;18;182;154
7;883;-84;29;150;2324;18;188;213
8;1333;-92;50;203;2447;18;238;293
9;1354;-91;40;176;2489;18;184;222
10;1044;-92;32;177;1392;18;186;189
11;1601;-109;34;200;1935;17;168;207
12;696;-114;26;134;1958;18;171;190
13;2148;-88;61;265;1775;17;198;221
14;1281;-68;56;211;1143;18;199;185
15;1371;-91;42;177;1243;17;173;163
16;3099;-110;59;255;1617;17;209;243
17;2260;-97;57;233;1532;18;202;220
18;2064;-76;49;210;1164;20;148;182
19;4833;-85;58;322;1783;18;190;191
20;1279;-76;56;197;1074;17;188;174
21;2246;-133;37;191;3221;18;192;266
22;1849;-91;47;209;2435;18;174;216
23;953;-82;45;165;1445;18;178;183
24;1285;-96;43;184;1066;18;165;175
25;1054;-109;42;154;1046;17;170;157
26;2361;-79;71;245;1190;18;207;207
27;1490;-83;77;223;1118;18;157;157
28;2249;-85;77;238;1390;18;160;177
29;1948;-115;80;261;2383;17;208;269
30;1489;-97;78;238;853;17;168;160
31;1050;-74;55;172;1215;17;151;147
32;2285;-104;72;242;1108;18;167;171
33;2265;-86;65;211;1680;18;155;189
34;2183;-81;86;262;1627;17;182;205
35;2162;-79;79;248;1069;18;183;182
36;1469;-93;79;219;1147;17;166;161
37;1641;-78;108;248;1305;18;184;196
38;2418;-70;138;293;1857;18;192;209
39;1327;-65;111;231;871;18;174;152
40;1876;-74;138;268;1237;17;177;180
41;2929;-65;164;328;1032;18;180;173
42;2075;-57;174;304;1961;18;180;213
43;2488;-136;155;276;3178;18;204;247
44;1779;-64;140;265;1921;17;189;205
45;2559;-80;172;323;1574;18;206;209
46;2536;-81;168;303;1447;18;205;187
47;2830;-85;153;293;1122;18;167;151
48;1846;-75;204;342;1826;18;216;212
49;2827;-84;203;366;1381;17;248;209
50;4054;-70;184;386;1401;17;202;202
51;1951;-62;190;315;2199;17;222;236
52;1661;-62;185;274;1173;17;182;151
53;1937;-74;184;320;1872;18;191;197
54;2671;-62;200;350;1465;18;194;204
55;1639;-72;175;276;1242;17;190;187
56;3401;-64;177;330;1674;17;182;175
57;1880;-67;217;314;1394;18;194;186
58;1631;-65;203;289;1215;18;213;195
59;3146;-76;230;381;1138;17;204;175
60;2658;-65;252;390;1428;20;200;202
61;1458;-58;201;283;797;17;151;116
62;2255;-80;224;325;1011;18;181;169
63;3351;-58;268;400;1212;17;212;208
64;2852;-78;289;416;917;18;215;172
65;3472;-53;292;462;1516;18;204;218
66;3943;-58;290;461;1468;17;214;225
67;2645;-49;303;415;1250;18;226;206
68;2358;-60;229;319;1316;17;185;169
69;2276;-66;277;347;1585;18;221;247
70;2862;-62;266;393;1550;18;204;187
71;1914;-62;276;366;1114;18;202;184
72;2876;-70;296;379;1114;18;207;168
73;2931;-50;264;343;1316;18;187;173
74;2814;-60;288;392;2045;18;227;245
75;2283;-54;288;364;1462;18;213;197
76;2643;-55;272;347;1052;18;202;180
77;2261;-51;325;387;2325;18;238;212
78;2077;-53;287;323;2178;18;194;194
79;3930;-52;347;464;2873;18;234;287
80;2857;-58;354;419;1719;18;221;217
81;1747;-51;280;307;1322;17;186;191
82;2585;-40;359;439;1074;18;249;228
83;2929;-49;356;385;2128;18;220;214
84;4092;-64;353;464;1362;18;202;194
85;2678;-60;323;421;1297;18;193;204
86;2231;-52;379;431;1428;18;215;219
87;3509;-46;346;399;1846;17;209;208
88;3456;-48;387;474;1488;19;250;245
89;3107;-52;367;478;1237;18;206;181
90;2366;-69;330;371;2582;18;227;244
91;3122;-62;363;428;1372;19;246;208
92;3345;-37;347;431;930;18;191;161
93;3184;-52;367;440;3251;18;211;243
94;3066;-55;365;449;1345;18;241;215
95;3523;-42;347;427;1870;18;222;205
96;4136;-44;431;552;1576;20;232;219
97;2338;-37;393;456;1930;19;227;232
98;3006;-64;494;580;1883;20;272;257
99;4157;-51;398;472;1290;18;214;202
100;2910;-51;444;518;1992;19;237;228
101;2904;-57;381;447;939;18;203;167
102;2155;-66;374;401;1136;19;209;173
103;2834;-36;415;469;1761;18;233;233
104;4235;-39;485;553;1602;19;230;191
105;2285;-37;395;443;1357;18;199;185
106;4268;-53;451;559;1263;18;226;192
107;4078;-59;523;588;1555;18;255;228
108;4739;-50;462;608;1588;18;223;234
109;4358;-47;395;506;1426;19;218;230
110;4040;-131;471;566;1588;18;271;232
111;2832;-34;431;451;2264;18;243;237
112;4147;-52;546;708;2039;18;297;299
113;4333;-58;410;509;1626;18;231;231
114;4364;-51;390;493;1212;18;223;218
115;4123;-53;431;528;1608;18;225;245
116;2134;-53;364;386;1121;18;228;194
117;3770;-46;443;521;1986;18;249;264
118;4130;-65;468;565;1487;19;246;229
119;3949;-38;414;530;1750;18;217;218
120;3920;-50;421;522;1658;18;233;236
121;3361;-54;431;485;2044;19;247;273
122;2751;-63;433;455;1210;17;227;177
123;3653;-39;423;504;1267;19;217;208
124;4052;-45;469;571;1714;19;249;261
125;2895;-44;424;502;2840;19;248;276
126;3634;-56;408;509;1134;18;201;186
127;2932;-58;434;471;973;18;236;190
128;2476;-44;412;447;2348;18;232;248
129;6016;-44;566;734;2148;18;310;299
130;3634;-46;471;524;1447;18;240;220
131;7246;-54;544;714;1964;19;270;282
132;3204;-60;502;651;1980;18;270;291
133;4052;-60;466;528;2720;18;258;292
134;2951;-49;368;449;1412;19;217;211
135;4325;-60;411;522;2224;17;246;289
136;3424;-45;493;556;1529;18;269;247
137;2800;-54;547;557;1861;18;285;238
138;6023;-56;530;663;1436;18;234;227
139;4330;-49;551;629;2029;22;274;275
140;3536;-37;545;652;1585;18;250;247
141;3252;-48;562;634;1973;18;305;293
142;3702;-36;478;554;1646;18;252;237
143;4649;-54;586;749;1516;19;289;282
144;4657;-41;650;655;1877;18;323;297
145;2967;-25;555;591;1392;18;288;247
146;6307;-48;528;664;1565;19;279;246
147;4931;-47;565;647;1819;18;296;246
148;4318;-58;541;668;2804;19;287;304
149;4262;-36;593;734;2093;19;275;288
150;8052;-39;692;949;4868;18;341;419
151;4879;-41;672;847;1901;18;353;332
152;5936;-49;559;694;2484;20;285;272
153;5431;-43;622;711;2024;20;318;281
154;3573;-39;501;580;1624;19;274;248
155;3240;-47;531;613;1504;17;262;228
156;9423;-54;561;863;4367;19;293;379
157;4064;-70;560;726;2607;23;282;318
158;4273;-84;527;647;2549;19;291;297
159;6298;-29;579;704;2316;18;295;297
160;5168;-38;642;779;1799;19;317;308
161;4332;-45;590;692;4613;19;325;402
162;4237;-39;583;619;2201;18;279;250
163;6533;-29;606;773;2846;18;296;344
164;5424;-37;682;732;2577;19;333;341
165;6057;-65;640;749;1720;18;300;283
166;6258;-60;644;820;1969;20;317;313
167;7230;-34;703;845;2457;18;333;326
168;7983;-61;749;1042;3496;18;358;423
169;4310;-43;609;721;2078;18;285;272
170;5584;-37;748;832;2759;18;383;378
171;5565;-25;669;814;2413;20;321;325
172;8127;-82;689;962;2694;18;350;369
173;4657;-46;559;655;2010;18;267;266
174;4550;-40;730;796;1620;18;337;305
175;8142;-37;685;844;3248;20;349;336
176;5711;-33;693;841;2165;18;330;331
177;3402;-42;575;574;2572;20;289;296
178;4313;-52;673;737;1269;18;323;259
179;6222;-34;676;814;2498;19;316;347
180;5700;-26;888;1043;2120;19;383;355
181;6350;-49;798;911;2455;20;362;351
182;4248;-28;759;752;3566;20;374;375
183;5617;-37;715;711;2252;20;325;278
184;5712;-31;764;830;1668;20;344;292
185;6718;-50;756;908;2239;20;322;332
186;5752;-22;818;897;2628;18;330;329
187;7355;-49;952;1040;3107;22;393;423
188;5642;-25;810;900;1812;18;311;286
189;5254;-26;926;867;1626;21;349;277
190;6477;-48;848;994;2330;20;356;384
191;6534;-24;935;1083;2583;21;340;350
192;7349;-60;829;954;1891;17;321;295
193;5657;-17;849;924;2383;18;345;336
194;8159;-40;895;1111;3775;19;380;406
195;7314;-23;1057;1125;2611;19;411;384
196;5418;-47;920;986;1805;22;360;308
197;7915;-53;1002;1171;2555;24;403;416
198;6571;-40;826;941;3187;21;351;367
199;8862;-32;871;1118;2738;19;359;399
200;6644;-60;886;939;2115;20;363;328
201;5296;-35;975;985;1923;22;395;353
202;5605;-18;938;944;2954;24;398;361
203;5141;-41;847;909;2088;19;359;353
204;6409;-35;973;1053;2184;31;380;351
205;6652;-47;963;1015;2114;20;374;317
206;5233;-65;679;747;2068;18;299;281
207;7027;-35;761;1008;2567;18;313;331
208;11925;-29;915;1161;3879;17;353;388
209;8270;-33;874;992;2742;18;357;385
210;8080;-29;728;906;1975;19;303;307
211;4893;-31;950;901;2255;19;392;339
212;6036;-48;1018;1034;2682;24;385;337
213;6124;-53;922;967;2801;18;382;389
214;7604;-34;1063;1170;2563;22;432;422
215;8139;-14;995;1011;2900;22;401;371
216;9089;-26;1076;1213;3010;18;404;402
217;8884;-47;1346;1464;3246;19;493;466
218;11682;-22;1032;1143;3700;22;406;395
219;6502;-59;1021;1095;2564;18;402;397
220;6416;-38;916;908;2086;20;366;335
221;7028;-38;997;1075;2123;25;401;371
222;8522;-31;1090;1259;3509;18;437;476
223;7991;-26;1158;1206;2948;25;428;405
224;5643;-32;1009;1018;1649;24;389;350
225;9396;-23;1165;1247;2788;21;428;403
226;8417;-38;1043;1230;2512;18;383;416
227;7903;-36;1056;1212;2138;19;405;393
228;8332;-23;1007;1048;2260;18;382;323
229;5855;-56;979;1024;3391;20;390;357
230;8011;-33;1185;1193;2720;20;470;416
231;6713;-26;934;1060;2018;18;374;337
232;6240;-26;951;1053;1830;22;350;324
233;8002;-26;994;1095;2668;19;373;359
234;7443;-48;1030;1113;1903;18;368;353
235;7607;-22;1233;1200;3291;22;472;431
236;9914;-39;978;1102;3100;22;388;401
237;11845;-25;1194;1418;3323;19;455;457
238;7427;-44;1132;1220;2419;26;416;367
239;8884;-28;1118;1267;2531;28;431;416
240;8590;-41;1385;1429;2337;20;517;451
241;9831;-54;1336;1344;2666;20;467;399
242;7611;-27;1114;1277;2679;18;423;418
243;9874;-53;1181;1334;4650;19;466;473
244;8315;-26;1284;1389;2538;19;464;416
245;16166;-20;1146;1453;4965;18;447;495
246;9254;-20;1098;1181;2970;21;411;406
247;8478;-41;1231;1303;2581;25;472;441
248;11558;-45;1222;1379;3224;23;464;448
249;10516;-26;1167;1429;3547;23;463;482
250;7949;-18;1080;1094;1771;20;396;335
251;6629;-28;1007;1003;2017;23;390;333
252;7998;-28;1236;1234;2746;26;461;394
253;8285;-14;1093;1171;3016;21;406;417
254;5791;-41;1078;1132;2531;18;393;397
255;6154;-29;926;872;2676;23;384;343
256;8703;-22;1005;1098;2596;19;395;388
257;12701;-22;1158;1304;3308;18;445;420
258;6027;-6;1081;1037;1959;18;412;364
259;7456;-28;1088;1223;3017;21;393;432
260;7451;-35;1236;1279;2852;21;442;450
261;11952;-28;1504;1572;3227;19;495;446
262;11715;-4;1459;1447;4388;24;498;463
263;8466;-34;1156;1230;2205;20;426;396
264;7708;-35;1307;1310;2343;18;470;404
265;12230;-21;1296;1482;3399;25;418;427
266;9218;-13;1529;1673;2717;19;494;489
267;7130;-30;1194;1176;2365;20;395;360
268;11024;-28;1232;1356;3448;22;409;427
269;8447;-23;1259;1313;3348;18;445;474
270;7483;-19;1217;1304;3303;22;433;446
271;8205;-16;1373;1326;2960;21;462;457
272;10317;-26;1468;1447;3869;19;468;453
273;9493;-41;1379;1476;2601;19;463;451
274;17752;-11;1379;1879;4421;26;451;547
275;8666;-33;1057;1062;2908;21;405;367
276;8607;-3;1233;1336;2332;24;440;421
277;14920;-31;1262;1509;3545;21;426;455
278;21215;-23;1354;1786;5717;21;457;516
279;6635;-18;1390;1314;1834;23;453;363
280;12269;-8;1544;1720;4111;21;493;539
281;6241;-20;1141;1131;2406;21;408;375
282;11287;-15;1346;1366;3283;19;473;463
283;9314;-10;1519;1380;3072;20;558;480
284;8599;-23;1331;1321;2564;32;486;445
285;16774;-18;1323;1644;3956;21;438;459
286;11898;-51;1343;1320;4512;21;475;467
287;8223;-29;1204;1218;2918;27;420;411
288;12277;-9;1162;1284;2983;22;408;416
289;8396;-11;1446;1434;2914;21;532;484
290;10026;-6;1319;1428;2555;20;450;433
291;7378;-46;1553;1427;2407;24;529;432
292;6341;-23;1236;1266;2596;20;425;422
293;9133;-21;1375;1434;2725;18;465;438
294;13395;-23;1469;1681;4737;24;520;548
295;9692;-11;1602;1575;2517;24;514;437
296;8979;-24;1313;1433;2768;24;435;409
297;8248;-22;1242;1314;3492;20;444;437
298;12096;-22;1389;1493;3355;21;483;478
299;10008;-10;1338;1301;3066;18;466;411
300;13151;-6;1368;1529;3553;18;479;487
301;11179;-32;1324;1447;2745;21;460;423
302;12782;-19;1309;1428;3228;26;473;453
303;8791;-24;1349;1404;2631;18;470;458
304;12417;-12;1296;1390;3043;26;478;426
305;16590;-29;1544;1876;5919;20;538;612
306;9602;-13;1683;1576;2984;21;567;512
307;10782;-20;1373;1439;3237;21;487;480
308;10102;-18;1505;1516;3199;20;511;505
309;7719;-7;1320;1216;1954;26;452;371
310;9511;-38;1359;1478;2985;23;469;454
311;8537;-22;1437;1592;2769;22;500;508
312;10895;-9;1552;1606;4920;27;525;551
313;10127;-21;1404;1398;2465;18;497;454
314;36152;-34;1455;2354;10291;20;494;723
315;14398;-22;1460;1665;4951;22;474;540
316;9345;-21;1569;1516;3797;28;532;505
317;21036;-26;1516;2182;5820;26;528;658
318;8408;-27;1532;1532;2730;18;555;523
319;10023;-19;1367;1336;3579;26;475;438
320;10105;-18;1556;1519;2908;18;524;497
321;7725;-16;1347;1438;2531;21;487;464
322;9217;-27;1708;1588;2699;27;558;476
323;13570;6;1667;1968;3355;25;547;539
324;19819;40;1777;1905;5749;28;569;553
325;10588;-16;1504;1643;3031;20;499;509
326;11738;-17;1612;1753;4410;18;532;558
327;11367;-14;1751;1786;4438;18;577;579
328;13114;-12;1825;1825;3628;26;594;574
329;12478;-24;1571;1695;4790;19;550;593
330;19523;-8;1716;1909;5489;20;554;574
331;7402;-25;1597;1469;2335;18;506;433
332;12697;-18;2021;1799;2937;21;650;550
333;12750;-15;1833;1813;3286;35;580;539
334;13856;-12;1851;1986;4018;37;607;580
335;16136;-23;1736;1766;5310;18;554;533
336;9983;-13;1891;1846;3076;25;588;544
337;16636;-26;1975;2237;4541;21;630;654
338;9572;46;1772;1483;2701;25;568;463
339;13442;-15;2271;2168;3742;18;686;617
340;10864;10;2377;2051;3163;22;695;551
341;14103;-22;2228;2098;6430;21;687;710
342;22612;-16;2204;2524;4995;26;643;676
343;18541;12;2230;2368;5808;19;637;726
344;12575;-14;1802;1816;2838;29;543;541
345;12008;-16;1995;2047;3467;21;627;628
346;11672;-27;1927;1810;3071;25;627;551
347;18742;34;2349;2333;4097;19;714;670
348;10706;-12;2225;2027;3823;49;678;610
349;15388;-4;2209;2211;3795;23;692;656
350;14076;1;1979;2147;3375;28;597;604
351;14992;-19;1970;1980;3332;24;572;524
352;16780;49;2451;2585;4172;30;711;698
353;21679;-22;1989;2052;6286;23;578;577
354;13164;39;2109;2103;3215;21;608;564
355;17934;-12;1858;2090;4426;19;516;542
356;11223;-15;1941;1995;3130;18;566;555
357;19940;-12;1900;2149;4532;23;542;551
358;14379;54;2234;2030;3079;25;615;536
359;25454;46;2158;2315;5889;23;618;624
360;16592;-25;1798;1906;6237;24;541;583
361;15412;-4;1904;1895;4117;26;549;501
362;11469;-16;2024;1819;2904;19;584;493
363;14661;-21;1656;1776;4486;20;487;495
364;11691;-5;1690;1760;3196;19;501;470
365;19100;-34;1955;2242;6045;20;578;667
366;9134;9;1878;1858;3183;24;558;553
367;12565;-19;1873;1940;2854;27;539;518
368;14871;14;2122;2167;4503;20;608;609
369;17332;-6;2252;2589;6649;27;692;777
370;14989;-38;2239;2266;3921;20;668;654
371;12280;-24;1873;1915;3491;19;592;592
372;17692;-20;2004;2331;4720;30;600;653
373;13201;-20;1960;2108;3306;23;604;579
374;16156;-21;2341;2343;4042;20;732;655
375;9208;14;1869;1833;3895;27;615;620
376;15950;-27;1828;2075;4210;39;601;611
377;13614;-2;2160;1997;4326;24;691;618
378;13893;1;2476;2380;5087;22;753;708
379;16181;60;1960;1981;3860;21;630;562
380;15268;-20;2241;2431;4667;20;675;691
381;11069;3;2153;2143;3225;19;652;610
382;18009;-1;1948;2316;4425;27;619;690
383;14787;-20;2135;2108;4327;21;679;614
384;10029;-24;1884;1788;3785;36;598;553
385;18901;6;2084;2261;4538;19;634;654
386;10780;-7;1955;2058;3396;26;621;623
387;13171;5;1860;1943;4409;27;593;643
388;11978;-44;1851;1910;4568;19;602;605
389;20288;-25;2038;2240;5333;41;629;612
390;15575;-10;2223;2213;4023;26;673;590
391;10619;-13;1865;1753;3247;21;566;511
392;14756;-9;1677;1898;6144;20;545;652
393;14495;3;1779;1864;4367;21;579;618
394;10080;-17;2014;1838;3296;22;629;559
395;7612;-21;1604;1481;2378;20;519;477
396;11412;5;2194;1890;5103;45;694;654
397;8117;59;1755;1655;3017;22;566;543
398;12609;-23;1945;2100;3315;22;602;593
399;14254;-23;1965;1971;4159;19;615;574
400;13920;1;1784;1725;5108;23;570;554
401;13654;-27;1947;2207;4350;24;630;721
402;11096;-18;1896;2012;5130;25;632;650
403;14945;-20;1714;1829;5352;27;566;569
404;8352;-11;1602;1581;2962;19;528;483
405;11809;-35;1967;2028;4279;21;611;609
406;20193;-1;2059;2359;5067;22;647;694
407;15427;-25;1708;2018;4691;25;561;632
408;13529;-22;1994;2141;3800;23;618;628
409;17326;50;1892;2000;7095;25;630;688
410;10147;51;1882;1900;3688;18;591;564
411;8807;46;1887;1727;2901;23;617;536
412;12030;49;2144;2131;3908;20;693;699
413;9042;-20;1735;1811;3910;21;599;602
414;18122;5;2393;2465;5737;38;798;782
415;16000;-10;2332;2267;4350;22;811;732
416;17380;-18;2128;2389;4006;19;724;725
417;15209;-13;2205;2159;4425;29;730;698
418;17482;-18;2242;2329;7067;34;754;738
419;13388;-23;1949;2078;4086;25;641;685
420;17073;7;2311;2381;4606;23;752;727
421;14059;-12;2565;2233;6665;36;802;723
422;14716;-5;2127;2240;4653;63;668;672
423;14139;-16;2555;2492;3761;33;781;726
424;17556;-31;2497;2521;4292;25;746;721
425;18617;-20;2094;2124;5086;23;655;630
426;15540;-5;2366;2446;6304;22;729;760
427;16860;-29;1978;2241;5494;19;649;736
428;17938;1;2529;2641;4962;29;826;822
429;13607;-14;2148;2194;4193;39;708;695
430;20021;-3;2713;2612;5306;21;872;762
431;19695;60;2158;2165;5450;29;695;670
432;14781;-37;2323;2312;6049;24;762;747
433;21243;67;2299;2669;5874;26;739;774
434;18210;84;2846;2839;5838;38;910;893
435;17186;-21;2302;2525;5249;24;744;764
436;17097;-18;2488;2292;6501;20;795;805
437;13394;-25;2042;2112;4293;24;663;665
438;20293;-14;2271;2526;6119;46;704;727
439;16913;-8;2096;2283;4396;25;692;722
440;17147;-1;2462;2259;7612;23;758;727
441;17299;-22;2070;2231;4672;32;681;711
442;12545;-30;2204;2176;3785;25;711;618
443;12858;-11;2217;2298;4264;27;699;703
444;12518;-15;2501;2243;4735;18;807;707
445;13056;-20;2070;2308;5823;27;666;719
446;31256;-14;2809;3090;7596;33;899;917
447;12029;-11;2104;2072;3855;19;677;633
448;14246;-7;2207;2119;4618;23;677;620
449;13856;-22;2160;2064;4407;20;712;659
450;19725;20;2476;2767;6237;21;796;875
451;14429;-16;2406;2402;4827;27;844;827
452;17430;-27;2081;2232;4637;32;691;660
453;15400;-24;1878;1817;4282;26;664;618
454;12851;-25;2064;1943;5639;21;695;626
455;18494;-21;2092;2182;4514;34;695;699
456;19886;7;1982;2210;6112;19;703;768
457;14517;-1;2188;1981;7732;29;755;742
458;12435;-17;2087;2285;5650;27;740;809
459;27551;6;2034;2509;6383;22;673;716
460;15181;52;2296;2241;4203;29;756;663
461;17957;-2;2411;2653;6049;23;812;853
462;23068;-24;2269;2445;7268;44;781;747
463;13900;-2;2402;2332;5713;19;854;860
464;13808;-9;2418;2385;3859;27;810;777
465;21033;-13;2234;2476;5601;19;766;807
466;16024;-17;2287;2242;5010;23;777;738
467;22393;43;2511;2612;5704;29;830;834
468;17718;-1;2527;2911;5563;45;843;937
469;16252;-6;2485;2709;6193;25;831;846
470;19618;-4;2310;2414;6092;31;740;734
471;15022;3;2292;2407;4844;19;760;759
472;12903;-15;2216;2184;5304;26;725;725
473;19227;-14;2286;2490;6149;18;769;805
474;13231;-18;2112;2066;5037;24;724;699
475;16777;-5;2778;2808;4191;32;880;790
476;22222;-3;2221;2519;5964;30;732;754
477;12962;-6;2513;2502;3898;49;773;723
478;17125;39;2653;2586;4415;19;820;725
479;18682;-3;2417;2487;4181;23;727;665
480;10488;-19;2270;1975;3102;21;682;570
481;16966;53;2688;2552;4155;20;810;725
482;13958;-22;2050;2169;3592;21;673;663
483;25241;-11;2530;2803;6879;27;814;836
484;16943;40;2610;2666;4678;27;782;729
485;20146;-5;2610;2474;4926;37;819;734
486;21111;55;2314;2470;5549;77;755;746
487;26288;-7;2640;3370;7365;20;859;1049
488;13796;0;2992;2685;4857;74;949;848
489;12271;-4;2276;2154;5365;30;757;687
490;31088;-12;2631;3249;7071;18;862;941
491;26278;-19;2498;2935;9209;25;842;1012
492;13652;-5;2282;2160;3901;41;743;666
493;15081;-6;2841;2703;4796;21;870;802
494;21711;-14;2996;2923;6585;38;919;883
495;21409;1;2637;2923;5505;24;804;804
496;14456;-30;2586;2324;3983;44;786;705
497;15652;51;2714;2490;4365;24;812;698
498;25780;-29;2546;2793;7307;28;792;868
499;15271;8;2305;1952;4042;21;684;542
500;18379;-4;2777;2974;5318;19;793;787
501;16536;3;2595;2630;4716;43;744;722
502;20268;53;3201;3409;6130;19;928;956
503;17761;-16;2502;2652;4707;22;744;760
504;14517;-16;2491;2417;4651;42;771;699
505;17246;-3;2572;2607;4712;20;793;815
506;19116;-16;2506;2525;5791;24;804;791
507;10980;-23;2540;2298;4468;18;793;697
508;30176;-30;2829;3343;7754;20;901;966
509;15080;30;2507;2671;6844;24;835;901
510;19077;-18;2453;2572;6472;39;819;828
511;22535;-6;2355;2764;5518;26;816;886
512;18111;64;2951;2719;9053;62;969;938
513;20501;-6;2941;2965;5916;29;959;915
514;16990;-7;2620;2577;4820;32;852;801
515;16502;-19;2839;2780;5475;37;954;901
516;21145;-17;2797;2859;5597;26;935;924
517;17906;-22;2717;2989;5375;18;840;860
518;13470;1;2563;2435;5609;24;815;748
519;19704;-9;2455;2656;5016;26;774;789
520;17155;-12;2666;2832;4453;30;832;815
521;16653;82;2798;2627;5174;35;873;805
522;30584;42;2588;2937;7208;30;858;878
523;27080;-6;3062;3431;8134;18;953;1044
524;15596;71;2702;2499;4342;22;883;822
525;34914;-37;3011;3456;9036;22;973;1033
526;14100;-14;2444;2588;4815;23;809;826
527;21134;-10;2386;2608;5782;36;815;827
528;17976;7;2562;2382;6250;31;854;813
529;21135;-11;3419;3304;6382;23;1083;1017
530;19500;3;3013;2976;5530;30;943;919
531;24894;-11;2782;2970;7835;23;870;888
532;18733;-33;2791;2999;6789;35;856;885
533;16742;-21;3170;3084;4563;27;955;890
534;16749;2;3039;2799;4890;24;913;829
535;19198;58;3224;3008;4968;45;968;872
536;23795;-2;2948;2923;5577;22;881;829
537;22620;75;2998;2943;7841;22;909;911
538;30377;-16;3661;3633;8429;24;1054;1033
539;24340;-22;3195;3568;5749;29;959;1046
540;17659;-19;2795;2688;5362;25;843;793
541;22938;-6;3015;2982;7470;48;898;917
542;20071;-15;3405;3150;5541;25;1034;968
543;22333;46;3051;2869;7223;21;915;900
544;20847;-9;3071;3135;5868;23;890;851
545;19697;0;3115;3194;6382;51;934;922
546;26518;45;3441;3526;7620;52;1000;994
547;19420;60;3283;3403;5066;24;942;931
548;24494;44;3152;3381;9282;28;904;1000
549;18025;94;3323;3214;4875;36;949;874
550;19205;2;3327;3229;6361;21;983;943
551;29264;-1;3388;3549;7319;35;972;1020
552;25339;40;3306;3174;6781;37;969;898
553;24064;12;3886;3866;6318;28;1082;1060
554;26809;-3;3359;3587;6617;32;975;987
555;21765;-13;3125;3043;5268;26;911;864
556;18622;5;3432;3396;4767;25;990;924
557;19526;56;3471;3509;7385;26;975;997
558;17212;-11;2803;3015;4778;18;774;824
559;20556;7;3674;3642;6259;32;1023;1015
560;31210;57;3543;3646;9005;21;972;990
561;18588;-18;3307;3071;4403;51;895;818
562;15725;4;3619;3007;3769;31;978;795
563;25199;55;3834;3806;8554;21;1056;1065
564;25674;-17;4269;4102;7050;34;1142;1080
565;28222;70;3304;3606;6677;19;916;950
566;18896;79;3648;3129;7147;31;973;880
567;26858;76;3245;3226;6825;35;888;870
568;19736;66;3217;3107;4991;27;875;820
569;16759;10;3019;2648;4280;19;825;717
570;21131;65;3525;3422;5571;22;978;930
571;18605;56;3392;3166;7330;26;961;894
572;24052;4;3140;3594;6388;21;880;992
573;20347;61;3123;3325;5223;26;897;934
574;33414;-20;3346;3866;8599;27;972;1053
575;37748;44;3152;3758;9968;20;917;1051
576;20631;1;3099;3035;10438;23;917;978
577;25193;48;3738;3602;6799;23;1080;1044
578;14074;-5;3352;2610;5061;22;992;812
579;25590;-20;3856;4160;7311;28;1157;1226
580;27591;57;3978;4112;7976;30;1199;1237
581;28438;38;3830;4284;6896;51;1152;1217
582;28881;-5;3325;3808;7508;22;977;1054
583;16265;76;3129;3015;5334;20;991;962
584;29296;-24;3619;3548;8864;23;1087;1064
585;13061;66;2689;2453;3649;32;848;776
586;22310;-2;3438;3188;6048;54;1030;937
587;30945;-3;3707;3629;9195;21;1105;1075
588;16530;47;3779;3500;7812;38;1155;1120
589;20946;3;3539;3244;5407;23;1059;967
590;20545;8;3486;3584;6971;35;1023;1029
591;20969;-18;3599;3510;6361;21;1031;967
592;16357;-17;3442;3167;5032;31;1053;935
593;17519;7;3145;3053;4962;40;947;856
594;21466;60;3303;3485;5248;45;976;966
595;23593;84;3559;3562;7463;23;1058;1110
596;18024;44;3372;3126;4755;29;1027;933
597;24069;73;3281;3355;5837;34;1006;1005
598;27746;105;3912;3907;8032;57;1125;1132
599;23493;76;3605;3636;8898;24;1067;1144
600;22449;17;3176;3309;5518;27;953;949
601;20718;55;3809;3668;7041;36;1132;1120
602;23460;71;3457;3678;6551;29;1022;1069
603;30771;39;3038;3243;9173;18;916;964
604;21392;60;3351;3336;8232;24;978;1023
605;19126;54;3885;3567;5574;24;1111;993
606;17069;66;2911;2796;4721;30;810;747
607;23787;-23;3350;3161;6526;21;944;866
608;19618;44;3405;3343;7410;24;962;949
609;23841;62;3597;3584;6153;29;978;959
610;27828;10;4024;4342;7602;26;1086;1152
611;19627;14;3086;3150;5866;27;856;871
612;25616;-20;3532;3687;8448;34;1050;1121
613;25885;-5;3377;3613;6334;26;1011;1019
614;18372;39;3059;2761;5385;38;918;799
615;13565;-23;3108;2829;3713;22;883;784
616;26170;43;4140;4079;6206;34;1214;1155
617;26036;-7;3323;3491;6649;21;949;927
618;32153;63;3667;3958;7609;36;1018;1003
619;25646;-16;3372;3547;6175;22;959;964
620;25140;89;3547;3661;7088;24;1026;1029
621;20831;59;3447;3364;6235;28;1037;1004
622;19769;61;3153;2966;5529;24;941;857
623;17216;-8;3358;3185;4785;30;972;866
624;27462;4;3387;3385;7180;26;982;983
625;17860;10;2950;2757;5115;25;863;809
626;25972;56;3553;3530;7108;27;1002;997
627;23463;92;3688;3735;5370;27;1035;975
628;29382;-15;3043;3515;8042;49;845;962
629;30573;88;4101;4596;8162;59;1123;1251
630;18254;-17;3112;3060;5015;43;858;807
631;21198;50;3417;3380;5751;22;933;897
632;24492;88;3657;3406;6845;42;1058;997
633;24131;58;3641;3727;6415;37;1058;1089
634;17591;72;3672;3243;4909;24;1058;910
635;28698;-17;3384;3255;7657;43;941;913
636;38172;-5;3554;3979;9417;25;989;1036
637;23880;0;3766;4130;6430;24;1057;1109
638;17076;58;3524;3421;4856;54;1021;981
639;13501;-2;3407;2804;4142;41;973;796
640;20202;-20;3526;3141;5487;29;986;872
641;28136;64;3331;3676;7117;21;955;1034
642;24664;-10;3272;3351;5699;24;949;904
643;41462;68;3924;4132;15773;35;1164;1294
644;20094;-20;3061;2972;5009;20;888;841
645;19725;-9;2833;2881;4852;22;839;803
646;24070;10;3044;3294;6464;30;884;887
647;20485;-16;3548;3577;5932;69;1044;977
648;19426;52;3230;3188;6817;23;954;976
649;21690;65;3621;3571;8235;24;1054;1038
650;26354;78;3336;3587;9143;35;1023;1097
651;58807;-3;4023;4924;18925;45;1182;1473
652;20594;-6;3100;2858;6072;21;940;874
653;30146;-15;3537;3710;8942;34;1057;1080
654;22186;-18;3352;3224;6491;22;1003;981
655;21429;0;3485;3516;6481;38;1042;1032
656;21501;13;4229;3928;6872;26;1199;1135
657;18836;-11;3445;3270;5896;26;996;954
658;25170;2;3738;3557;7093;49;1034;944
659;18414;61;3413;3247;6484;22;983;966
660;20197;-14;3788;3188;6232;57;1102;908
661;29501;-7;3072;3436;7071;35;898;979
662;26135;11;3955;3673;9139;36;1189;1178
663;19622;-28;3852;3563;6624;44;1158;1092
664;27183;-1;3734;3719;10202;59;1132;1178
665;20530;105;3740;3695;5839;56;1118;1059
666;29598;2;3825;3998;8106;24;1151;1179
667;23822;-4;3576;3624;5808;25;1065;1040
668;32399;41;3426;4029;8805;33;1002;1126
669;22642;103;3891;3725;6451;56;1147;1034
670;18245;-3;3112;3242;5521;35;935;968
671;46814;46;3762;4703;11761;30;1122;1364
672;24020;-9;3297;3440;8236;27;977;1074
673;18805;76;4075;3826;5712;30;1150;1053
674;26235;75;3889;3994;7295;38;1095;1095
675;27325;1;3586;3726;7599;27;1037;1059
676;23323;102;4196;4022;5927;48;1142;1047
677;21347;1;3925;3753;10849;31;1200;1233
678;21242;5;3520;3773;7660;30;1057;1164
679;20037;-12;3732;3424;5498;25;1077;982
680;19060;58;3563;3313;5113;25;1014;881
681;19958;-18;3388;3248;5642;27;995;925
682;17928;-6;3670;3364;5684;41;1054;957
683;20350;-12;3515;3551;6402;47;1032;1035
684;29617;55;3610;3590;8237;30;1050;1015
685;22020;63;3367;3211;7848;22;989;984
686;25258;-16;3696;3802;6676;29;1104;1127
687;23080;47;3826;3769;10196;33;1171;1229
688;20135;-14;3373;3281;5140;80;1010;941
689;20735;-6;3710;3359;6496;55;1145;1107
690;24283;-10;3530;3914;7660;22;1054;1137
691;21519;56;3613;3684;5975;30;1102;1117
692;20629;40;3547;3362;6729;61;1059;1049
693;22815;49;4042;3931;7325;25;1237;1233
694;26686;47;4181;4279;9041;22;1238;1221
695;20205;84;3679;3406;9559;53;1117;1085
696;24988;64;3649;3577;7844;29;1101;1070
697;18039;6;3230;3109;6256;40;963;920
698;18578;79;3176;2994;5043;32;968;871
699;24753;42;3643;3544;7067;40;1102;1079
700;39672;52;3794;4209;10114;26;1180;1287
701;18337;0;3479;3478;8231;40;1140;1194
702;34669;-2;3429;3709;9342;28;1093;1101
703;35839;63;3881;3975;10506;33;1237;1219
704;26537;-6;3973;3874;7543;38;1227;1142
705;23825;57;3250;3153;9218;39;1018;1044
706;42023;62;4016;4829;13525;20;1227;1419
707;26589;56;3950;3834;7029;50;1177;1096
708;25806;-12;3611;3949;8143;45;1129;1218
709;19932;73;3642;3698;6222;22;1059;1052
710;22869;58;3845;3820;7178;23;1147;1146
711;18549;-1;3887;3672;7509;60;1156;1130
712;28779;3;3550;3615;8163;32;1060;1053
713;20523;42;3472;3289;5778;59;1071;988
714;27164;64;3711;3726;7518;22;1166;1133
715;22782;-10;3651;3521;8236;28;1116;1117
716;23493;61;3623;4061;8481;59;1146;1289
717;26347;67;3603;3697;7272;25;1110;1082
718;19693;94;3248;3057;5766;52;1042;973
719;24218;-8;4213;4434;8926;21;1334;1376
720;26995;37;3970;4250;9326;31;1255;1314
721;23586;57;3847;4166;7662;20;1212;1328
722;27869;-30;4118;3856;9030;38;1286;1192
723;22784;-22;3289;3553;7359;25;1064;1189
724;19931;-22;3458;3488;7707;24;1131;1169
725;26184;42;3791;3665;8066;49;1234;1219
726;30525;66;3086;3421;7293;37;977;1034
727;20528;35;3254;3567;6152;24;1067;1168
728;21833;-8;3722;3863;6604;50;1197;1205
729;20982;-4;3388;3320;6316;46;1142;1100
730;20135;-24;3717;3354;5896;20;1207;1076
731;19749;11;3302;3262;5463;42;1085;1089
732;26674;194;3673;3513;7835;98;1198;1124
733;23171;58;4178;4320;8408;27;1301;1303
734;18921;-21;3984;3757;7280;69;1296;1224
735;40117;60;4141;4513;12685;42;1307;1474
736;24525;66;3816;3635;6115;22;1221;1075
737;22917;-17;3306;3611;8741;30;1054;1117
738;24377;1;4101;3734;6723;46;1257;1133
739;17345;65;3929;3370;8496;64;1205;1088
740;25810;58;3852;3749;9041;35;1157;1160
741;24150;-13;4034;3776;7048;36;1183;1101
742;25490;-7;3901;4081;6569;30;1166;1192
743;27993;70;3966;4197;7511;23;1212;1248
744;18893;-2;3760;3293;5335;51;1112;961
745;21913;58;4137;3712;7451;28;1244;1125
746;43418;59;4555;5207;10762;28;1327;1476
747;21335;0;4170;4152;6124;61;1217;1175
748;19121;107;3825;3495;5459;29;1130;1013
749;27721;62;3877;3927;7930;59;1163;1143
750;21215;37;3521;3614;6228;30;1090;1084
751;22697;68;4295;4300;7953;33;1291;1279
752;25450;-5;4476;4143;8314;40;1373;1279
753;31566;49;4315;4299;8171;24;1326;1355
754;26017;63;3539;3233;7303;30;1121;1007
755;36563;52;3939;4288;8560;54;1276;1378
756;27484;121;4212;4287;8245;45;1353;1342
757;35113;53;4208;4695;15759;54;1377;1658
758;24410;48;3941;3929;12007;30;1334;1472
759;20070;58;4081;3614;7192;32;1325;1212
760;26823;6;4110;4006;7972;24;1344;1269
761;28987;67;4300;3962;7061;68;1438;1345
762;26132;0;3649;3707;13760;20;1194;1278
763;23963;1;3826;3675;6474;64;1274;1201
764;25723;9;3758;4020;8104;34;1254;1320
765;25127;6;3843;3919;7263;27;1262;1223
766;20874;-7;3935;3805;9675;25;1298;1268
767;23629;143;3811;3691;6737;31;1265;1228
768;25305;-15;4051;4001;7442;89;1332;1272
769;36562;60;4059;3959;9275;24;1294;1225
770;32737;73;3957;4212;8335;46;1224;1270
771;30407;68;4443;4318;8985;41;1379;1324
772;24118;-8;4613;4463;7642;25;1454;1407
773;33168;4;3987;3819;9684;71;1267;1250
774;29445;6;4512;4440;8413;41;1376;1338
775;40706;-23;3992;4205;9733;46;1269;1253
776;38173;-20;3432;3946;15409;25;1107;1312
777;28071;93;4368;4410;7597;84;1349;1255
778;28871;77;3977;3987;7494;63;1243;1241
779;19241;51;4257;3713;5604;22;1322;1138
780;24387;58;3929;3903;7173;29;1247;1208
781;21694;85;4240;3895;8611;67;1343;1214
782;30077;9;4591;4488;10515;32;1415;1413
783;26581;47;4302;4336;7650;34;1281;1245
784;39164;66;4756;4886;9625;21;1410;1370
785;24207;-4;4099;4148;7808;30;1212;1210
786;28660;-18;4098;4211;12570;23;1228;1301
787;26955;-13;4495;4426;8510;40;1324;1283
788;24301;1;3971;3964;9042;42;1175;1206
789;20116;7;4182;3751;7224;42;1212;1091
790;36051;6;3971;4579;14036;39;1200;1472
791;20823;76;3883;3705;7225;33;1176;1174
792;32329;91;4429;4342;8969;37;1287;1187
793;25397;8;3786;3966;8258;28;1126;1214
794;28132;-10;3983;4473;9039;21;1197;1309
795;51741;60;4042;4759;13688;29;1193;1369
796;26311;79;4191;3964;7460;35;1246;1162
797;19616;64;3806;3588;5723;36;1142;1104
798;25316;-3;4534;4158;7519;48;1349;1223
799;23959;70;3887;3935;6339;26;1124;1105
800;35348;-2;4161;4454;9942;26;1258;1336
801;31862;-6;4776;4900;9437;31;1405;1421
802;24298;93;4616;4579;7508;63;1369;1345
803;24208;59;4349;4223;6515;37;1278;1256
804;19198;-25;3865;3786;6355;47;1151;1156
805;18762;60;4812;3855;5527;21;1413;1171
806;33612;16;3806;4474;10085;38;1144;1279
807;29227;-2;4466;4310;11604;31;1383;1386
808;26653;-13;4107;4375;10225;27;1295;1439
809;38998;65;4727;4509;14064;35;1475;1513
810;21156;59;3980;3976;7116;29;1222;1206
811;17503;-10;4005;3537;5865;28;1215;1115
812;25990;147;3996;3990;6084;55;1154;1086
813;23425;54;4248;3912;7740;31;1217;1131
814;21202;12;3760;3540;5797;28;1143;1042
815;28144;80;4189;4371;7582;79;1244;1218
816;42457;82;4333;4974;13866;31;1255;1443
817;29014;93;4155;4033;7728;72;1174;1117
818;25355;58;4682;4004;9284;23;1409;1267
819;28028;81;3920;3734;6753;61;1170;1049
820;29683;-3;4105;4315;8289;39;1225;1240
821;27515;81;4580;4429;7489;41;1289;1232
822;27114;-7;4413;4079;6358;19;1257;1145
823;27790;-16;4283;4308;6898;46;1183;1135
824;35887;66;4032;4901;11512;35;1173;1445
825;21751;-3;4183;4024;8656;46;1246;1292
826;27662;65;4082;4214;8371;23;1182;1256
827;20329;79;4493;3998;5741;36;1286;1121
828;27519;4;4508;4622;7860;49;1338;1364
829;19485;47;3258;3069;5700;47;985;910
830;25225;58;4237;4435;7689;26;1293;1342
831;46276;-20;3830;5140;12599;50;1169;1527
832;27284;2;4184;4554;8078;25;1267;1392
833;32058;47;4729;4550;7913;24;1406;1308
834;29450;-16;4593;4396;10247;70;1354;1369
835;26289;10;3931;3810;9223;34;1167;1135
836;26278;-11;3750;3645;6791;25;1145;1049
837;27178;59;4356;4728;10122;39;1308;1378
838;28777;71;3765;4016;7784;65;1149;1191
839;20396;72;4000;3500;5863;43;1202;1046
840;42850;-2;4537;4654;12387;32;1317;1343
841;34283;62;4359;4241;11043;29;1281;1299
842;38608;89;4804;4606;9567;36;1444;1373
843;39290;71;4649;4739;11946;59;1453;1525
844;25091;60;3999;3833;8729;85;1227;1178
845;21958;14;4135;3739;8759;30;1267;1190
846;21483;64;4333;3989;7278;47;1371;1310
847;43032;47;4533;4932;12959;70;1354;1465
848;20245;61;3868;3795;6095;44;1199;1152
849;21804;88;4708;4024;8692;44;1440;1317
850;28506;58;4517;4309;10464;38;1421;1382
851;27381;-4;4739;4441;8498;19;1417;1310
852;24517;5;4218;4121;10665;78;1335;1345
853;26759;99;4352;3921;7669;58;1371;1252
854;37839;0;4433;4651;9752;22;1385;1351
855;28771;-17;4436;4283;8192;29;1374;1304
856;30104;97;4093;4042;7243;31;1258;1198
857;30570;72;4192;4401;9521;44;1287;1320
858;26114;-12;3754;3789;6626;26;1173;1158
859;36211;59;4400;4463;10205;27;1335;1296
860;29350;-16;4519;4733;8854;22;1403;1427
861;26000;-10;4266;4417;7133;39;1316;1294
862;33685;-12;4233;4410;8580;38;1352;1315
863;23881;-1;3775;3714;8238;45;1197;1151
864;24010;84;3771;3696;8403;23;1213;1184
865;33105;40;4166;4109;10904;34;1323;1329
866;26514;4;3859;3860;11357;39;1222;1343
867;25907;-20;3779;3826;8062;48;1237;1248
868;27862;-18;3658;3664;10242;52;1205;1208
869;24135;87;4197;4152;9357;50;1340;1333
870;21129;-19;4355;3816;7991;39;1305;1154
871;23973;58;4048;3865;6499;22;1223;1167
872;17405;56;3595;3712;5711;41;1125;1147
873;19554;72;3812;3612;6556;40;1174;1097
874;23869;56;3680;3838;8431;38;1200;1291
875;27287;83;4218;4799;8506;29;1288;1434
876;32569;61;4291;4556;9347;24;1313;1329
877;27458;60;4091;3817;9042;27;1224;1155
878;24096;79;3774;4033;8475;38;1120;1239
879;27072;71;4639;4131;9231;26;1394;1336
880;27040;61;4044;3936;7668;48;1259;1246
881;25731;-5;4220;4089;8734;26;1313;1287
882;29792;55;3950;4322;8409;40;1196;1205
883;23498;9;4664;4352;6829;34;1381;1274
884;29206;48;4513;4346;8546;33;1340;1290
885;16977;9;3852;3421;4674;41;1174;972
886;27462;79;3918;4049;8526;51;1184;1199
887;24413;54;4060;3649;6767;20;1230;1124
888;19108;59;3608;3534;6681;63;1158;1210
889;23391;77;3834;3514;7717;24;1190;1146
890;27421;50;4463;4344;7524;24;1349;1327
891;28947;59;4453;4906;10272;40;1421;1651
892;31862;99;4411;4872;10038;52;1354;1441
893;26407;181;4584;4267;11503;132;1463;1464
894;26066;4;4092;4243;7472;42;1292;1328
895;32587;59;4702;5031;8215;34;1455;1483
896;35236;-2;4085;4102;10013;22;1303;1237
897;17258;-15;3797;3704;5859;34;1216;1160
898;26144;74;3870;4104;6594;46;1197;1202
899;30770;53;3632;3600;6751;40;1099;1053
900;33869;54;4011;4427;10961;26;1241;1356
901;26543;46;4097;4308;7499;28;1268;1293
902;26662;108;3883;3637;8524;38;1211;1136
903;23315;89;3885;3447;5977;91;1198;1044
904;21899;-12;3488;3502;8020;24;1098;1088
905;28519;188;4388;4223;8974;79;1353;1313
906;26936;34;4089;3628;7778;43;1294;1150
907;21024;-9;3505;3363;5974;37;1119;1079
908;20233;-17;3545;3908;8228;28;1117;1236
909;22286;-21;3646;3384;6337;41;1118;1032
910;22580;71;4068;3925;6333;50;1259;1184
911;25348;-8;3740;4012;6865;36;1181;1259
912;26955;-18;3423;3573;8076;47;1070;1063
913;23938;-9;3832;3542;11315;49;1217;1211
914;22378;71;4028;3898;6890;27;1222;1155
915;25540;-10;4255;4272;8848;29;1331;1346
916;22429;51;4112;3996;5949;24;1242;1160
917;16898;58;3465;3193;6355;26;1126;1052
918;28025;76;3952;4242;7733;55;1223;1242
919;37282;6;3872;4651;16658;30;1247;1585
920;28075;-22;3745;3550;10129;57;1159;1130
921;30509;8;3682;3644;9901;24;1120;1140
922;25359;74;3688;3912;8486;36;1146;1179
923;25302;13;4288;4380;7358;33;1308;1328
924;32684;70;4314;4393;10646;50;1340;1376
925;34454;-17;4832;4777;13999;22;1492;1568
926;25814;9;3775;3515;8097;26;1209;1146
927;26818;-23;3943;3756;7076;58;1239;1171
928;49107;-10;4384;4870;15836;62;1414;1590
929;30757;-3;4883;4741;10425;32;1581;1608
930;51153;65;4384;4872;14748;27;1420;1603
931;20537;2;4192;4041;7769;19;1356;1319
932;30756;89;4939;5109;8173;56;1551;1564
933;33905;53;4155;4128;8962;45;1282;1219
934;39961;-16;3988;4317;8803;50;1184;1192
935;22663;-12;3676;3746;10696;19;1155;1233
936;29616;68;4206;4540;10690;52;1336;1461
937;28953;65;4437;4452;7971;74;1420;1402
938;40082;-8;4991;5176;12363;25;1646;1672
939;27267;-18;4275;4263;9990;30;1357;1358
940;27058;-13;4239;4329;8849;29;1348;1347
941;25268;8;5065;4735;8697;48;1575;1458
942;35975;-20;4394;4783;12022;33;1439;1604
943;43147;69;4747;5217;16476;38;1511;1707
944;48780;65;5089;5423;13563;38;1604;1615
945;21823;12;4675;3902;9009;23;1499;1307
946;37230;-23;4344;4557;9067;27;1328;1345
947;57156;67;4374;5413;16722;34;1402;1766
948;20996;-3;4417;4093;6804;50;1438;1308
949;25780;87;4409;4589;8119;28;1389;1464
950;29975;60;4048;4279;7607;34;1312;1296
951;26225;90;4522;4440;9888;57;1491;1502
952;39801;10;4757;5199;12591;36;1519;1578
953;52815;-2;4782;5411;16522;25;1538;1706
954;36497;-1;4673;5017;9958;62;1524;1553
955;31724;8;3992;4250;9305;48;1287;1354
956;25655;59;4694;4711;10588;73;1476;1494
957;32045;43;4756;5391;10143;37;1418;1562
958;25809;65;4770;4430;9948;61;1420;1358
959;23449;0;3478;3753;5782;38;1057;1083
960;27998;2;4281;4405;8139;67;1359;1363
961;32266;75;4527;4613;10581;39;1388;1363
962;39676;59;4512;4976;10693;44;1366;1375
963;35100;99;4624;4762;9468;41;1424;1375
964;37527;127;4627;4794;9673;46;1397;1455
965;24312;100;4793;4565;8411;60;1490;1407
966;27298;79;4644;4940;8085;45;1404;1433
967;25999;41;5326;5160;7215;52;1570;1471
968;29747;119;4066;4567;7745;48;1221;1307
969;27842;66;4350;4262;9529;59;1317;1298
970;32953;-17;4462;4646;9151;37;1317;1287
971;28532;7;4718;4661;7952;33;1424;1399
972;26973;-19;4347;4237;8230;25;1337;1289
973;23695;82;4286;4053;7139;38;1291;1203
974;29633;47;4380;4000;7367;44;1319;1167
975;35272;-14;5155;4842;9230;41;1551;1428
976;21476;146;4786;4010;8491;37;1459;1231
977;54036;55;4693;6018;13700;36;1397;1593
978;26307;93;4397;4124;8070;50;1360;1319
979;25234;-10;4662;4687;7138;36;1402;1319
980;28184;63;4760;5062;7670;42;1408;1418
981;22217;96;4411;4107;8448;71;1291;1204
982;30991;-22;4986;4782;8958;73;1492;1508
983;34082;69;4655;4248;9338;18;1361;1250
984;30628;82;4240;4405;7426;73;1273;1275
985;26398;47;4191;4173;7812;24;1213;1250
986;23719;70;4777;4638;7658;21;1348;1304
987;27242;-25;4283;4466;9526;37;1276;1353
988;28846;-20;3879;3802;9067;54;1133;1161
989;24040;4;4604;4361;6758;36;1326;1277
990;44587;-21;4461;5089;12509;26;1287;1482
991;26468;80;4842;4576;7364;59;1403;1298
992;33582;-12;4735;4610;8593;51;1413;1351
993;21936;97;4016;3811;5782;41;1210;1141
994;41422;93;4842;5074;10003;53;1452;1512
995;29798;71;4608;4815;8615;46;1383;1404
996;26772;53;4727;4411;7316;27;1454;1316
997;22140;-12;4282;4136;8326;23;1345;1314
998;24632;76;4440;4057;9968;34;1404;1384
999;24481;152;4062;3752;9189;39;1262;1195
1000;24037;-19;4711;4163;7570;32;1461;1268
